Category,Tool,Website,Omah Use Case,Priority,When To Use,Recommended Action,Notes
Sourcing,Accio,https://www.accio.com/,"Find suppliers for necklaces, bracelets, candles, oils, trays, packaging",High,Now,Test immediately,"Strong fit for Omah product sourcing and supplier comparison"
Sourcing,SourceReady,https://www.sourceready.com/,"Research products, discover suppliers, manage sourcing workflow",High,Now,Compare with Accio,"Useful if Accio is too generic or Alibaba-heavy"
Competitor Research,ShopClaw,https://www.shopclaw.dev/,"Search Shopify and TikTok Shop products for competitor SKUs and pricing",High,Now,Use for product research,"API/MCP angle makes it useful for Codex/OpenClaw workflows"
Competitor Research,Eliotron,https://www.eliotron.com/,"Analyze product niches, suppliers, Shopify stores, and opportunities",Medium,Now,Trial after ShopClaw,"Good product intelligence layer"
Dropshipping Research,Tradelle,https://www.tradelle.io/,"Product research, supplier discovery, competitor research",Medium,Later,Use only if dropshipping route is needed,"May be less brand-led than Omah needs"
Store Ops,Shopify Sidekick,https://help.shopify.com/en/manual/shopify-admin/productivity-tools/sidekick,"Admin assistant for products, content, orders, store insights, workflows",High,When Shopify is live,Enable in Shopify,"Free/built-in Shopify AI assistant"
Store Automation,Shopify Flow,https://help.shopify.com/en/manual/shopify-flow,"Automate tagging, order workflows, fraud checks, notifications, fulfillment rules",High,When Shopify is live,Set up core flows,"Use for low-risk deterministic automations"
HQ Agent,Codex / OpenClaw,Local setup,"Website edits, GitHub, Vercel deploys, scripts, research, prompt workflows",High,Now,Keep as command center,"Best as Omah operating brain, not customer-facing"
UGC Video,Kling AI,https://klingai.com/,"Generate website hero clips and product/lifestyle UGC videos",High,Now,Use subscription for first batch,"Good for cinematic product/wearable visuals"
Voiceover,ElevenLabs,https://elevenlabs.io/,"Generate premium Omah voiceovers for website videos and reels",High,Now,Use for final audio layer,"Keep audio separate from video generators for control"
Video Ads,Creatify,https://app.creatify.ai/,"Create UGC-style ads, AI avatars, product videos from product links",Medium,After products are in Shopify,Trial for ads,"Useful when we need ad variations fast"
Social Content,Predis.ai,https://www.predis.ai/,"Generate social posts, carousels, ad creatives, captions, hashtags",Medium,After Instagram launch,Trial only,"Could help but may overlap with our existing content generator"
Product Photos,Photoroom,https://www.photoroom.com/api,"Clean product images, generate backgrounds, batch image edits, image-to-video",High,Before product upload,Use for catalog consistency,"Best for repeatable ecommerce image pipeline"
Product Photos,Pebblely,https://pebblely.com/,"Generate lifestyle product photos for candles, oils, trays, bundles",High,Before product upload,Use for brand scenes,"Very useful for Omah visual world"
Product Photos,Claid,https://claid.ai/,"Generate realistic product/fashion images, models, 4K assets",High,Before product upload,Test for wearable shots,"Strong fit for necklaces/bracelets on models"
Instagram Sales,FlashDM,https://flashdm.ai/,"Turn reel comments and DMs into Shopify checkout links",High,After Instagram account is active,Test with comment-to-DM,"Very relevant for Omah IG sales engine"
Instagram/WhatsApp Sales,BIK,https://bik.ai/,"AI for WhatsApp, Instagram, email, SMS; Shopify-connected recommendations",High,After Shopify + IG,Compare with FlashDM/Depra,"India/ecommerce relevant"
WhatsApp Revenue,Depra,https://depra.ai/,"Abandoned cart, COD confirmation, refunds-to-exchanges, WhatsApp/voice/email support",High,When orders start,Shortlist for India D2C,"Very relevant if Omah sells in India with WhatsApp/COD"
WhatsApp Commerce,Zoko,https://apps.shopify.com/whatsapp-button-chat,"WhatsApp campaigns, support, abandoned cart, Shopify catalog buying",Medium,When Shopify is live,Compare with BIK/Depra,"Good Shopify WhatsApp option"
WhatsApp Platform,WATI,https://geo.wati.io/,"WhatsApp inbox, broadcasts, chatbot, support automation",Medium,When WhatsApp scale grows,Compare pricing carefully,"Popular but pricing can add up"
WhatsApp Ordering,VIKMO,https://vikmo.app/,"WhatsApp order-taking AI in Indian languages",Medium,Later,Check fit for catalog orders,"Useful if WhatsApp becomes main order channel"
Support Agent,Gorgias,https://www.gorgias.com/,"AI customer support with Shopify context, order status, returns, product questions",High,After support volume grows,Use after launch,"Best known ecommerce CX stack"
Support Agent,Fin by Intercom,https://fin.ai/learn/solutions-shopify,"AI customer service and sales with Shopify data",Medium,After support volume grows,Compare with Gorgias,"Outcome-based pricing can be attractive"
On-site Sales Agent,Buffy,https://askbuffy.ai/,"Shopify chatbot that answers catalog questions and handles objections",Medium,After Shopify product catalog,Trial if site traffic grows,"Could increase conversion if trained well"
On-site Sales Agent,Talkom AI,https://www.talkom.ai/,"AI shopping assistant for Shopify",Medium,Later,Compare with Buffy,"Similar category"
Voice Shopping,VoxifyAgent,https://voxifyagent.com/,"Voice product search/shopping assistant for Shopify",Low,Later,Keep on watchlist,"Novel but not needed day one"
DM Sales,DM Champ,https://help.dmchamp.com/,"AI messaging across WhatsApp, SMS, Instagram, Messenger",Medium,After social launch,Compare with FlashDM/BIK,"Good multi-channel messaging layer"
DM Concierge,Massively,https://massively.ai/,"AI concierge for Instagram/Facebook DMs and website chat",Medium,After social launch,Trial if FlashDM not enough,"Meta official partner positioning"
Email/SMS Retention,Klaviyo,https://www.klaviyo.com/,"Welcome, abandoned cart, browse abandon, post-purchase, winback flows",High,When Shopify is live,Install early,"Retention engine for Omah"
Upsell/Recs,Rebuy,https://www.rebuyengine.com/,"AI recommendations, cart upsells, bundles, rituals, AOV boosters",High,After Shopify checkout,Use after first SKUs,"Great for complete-your-ritual bundles"
Analytics,Triple Whale,https://www.triplewhale.com/analytics,"Attribution, analytics, creative performance, retention, inventory insights",Medium,After paid ads start,Wait until ad spend,"Not needed before real spend"
Analytics,Datadrew,https://datadrew.io/,"Growth analytics across Shopify, Amazon, Meta, Google, GA4",Low,Later,Keep on watchlist,"Alternative analytics layer"
Meta Tracking,KAK Cortex,https://kakdigital.com/tools/meta-analytics,"Server-side Meta CAPI tracking for Shopify and better ad signal",Medium,Before scaling ads,Use if Meta ads become serious,"Tracking first, optimization second"
Ad Automation,AdRev,https://adrev.app/features/inventory-management,"Generate/manage ads from product and inventory data",Medium,After catalog grows,Trial after Shopify,"Useful for inventory-aware ads"
Marketing Agents,Enrich Labs,https://www.enrichlabs.ai/,"AI marketing agents for social, email, SEO, reporting",Medium,After brand basics,Trial if team is overloaded,"Agency replacement style"
Marketing Agent,DTC Multiplier,https://dtcskills.com/multiplier,"AI for emails, ads, product pages, SEO, ecommerce workflows",Medium,After Shopify live,Consider if affordable,"Good fit conceptually for lean team"
Growth Optimization,Spectrum,https://www.getspectrum.ai/,"AI A/B tests, funnel optimization, personalization for DTC brands",Low,After traction,Wait,"More useful after revenue/data"
Growth Agents,Converts AI,https://www.converts.ai/,"Forecasting, attribution, copy, pricing agents",Low,Later,Keep on watchlist,"Interesting but not first priority"
Inventory,Prediko,https://www.prediko.io/,"AI demand planning, POs, inventory insights for Shopify",Medium,After inventory movement,Use when stocking products,"Good for real inventory planning"
Inventory,Forthcast,https://forthcast.io/,"Affordable AI demand forecasting and stockout alerts for Shopify",Medium,After inventory movement,Consider early,"Lower-cost forecasting option"
Inventory,Inventori,https://inventori.ai/,"AI inventory intelligence, purchasing budgets, stock health",Medium,After inventory movement,Compare with Prediko,"Good for growing catalog"
Inventory,Cogsy,https://cogsy.com/,"Inventory planning, POs, stockout prevention",Low,Later,Wait,"Use only if inventory complexity grows"
Accounting,Finaloop,https://www.finaloop.com/,"Ecommerce bookkeeping, COGS, real-time accounting dashboard",Medium,After sales start,Use when accounting gets messy,"Useful if Omah scales beyond manual books"
AI Search Visibility,Bot It AI,https://botitai.com/,"Optimize Shopify store/product data for AI shopping agents",Medium,After Shopify live,Test after product pages,"Agentic commerce readiness"
AI Search Visibility,Naridon,https://www.naridon.com/,"Monitor and optimize brand/product visibility in ChatGPT, Gemini, Perplexity",Medium,After Shopify live,Test after SEO basics,"Useful for AI discovery layer"
AI Search Visibility,FlowForce,https://www.flowforce.agency/,"Shopify AI search optimization, schema, buying guides, descriptions",Medium,After Shopify live,Compare with Naridon,"Good if it applies changes with approval"
AI Search Visibility,AgenticLens,https://shopify.agenticlens.io/,"Optimize Shopify products for agentic storefronts and AI shopping agents",Medium,After Shopify live,Keep on watchlist,"Very relevant as AI shopping grows"
Price Intelligence,Minderest,https://www.minderest.com/,"Competitor price monitoring and dynamic pricing",Low,Later,Wait,"More useful for competitive commodity products"
Price Intelligence,Prisync,https://prisync.com/dynamic-pricing-software/,"Competitor price monitoring and dynamic pricing",Low,Later,Wait,"Not urgent for brand-led Omah"
